{"List":[{"title":"LIC","Desc":"Lorem ipsum dolor sit amet consectetur adipiscing elit Mauris sagittis pellentesque lacus eleifend lacinia","imgUrl":"/static/assets/images/lic.png"},
{"title":"BAJAJ","Desc":"Lorem ipsum dolor sit amet consectetur adipiscing elit Mauris sagittis pellentesque lacus eleifend lacinia","imgUrl":"/static/assets/images/bajaj.jpg"},
{"title":"MAX LIFE","Desc":"Lorem ipsum dolor sit amet consectetur adipiscing elit Mauris sagittis pellentesque lacus eleifend lacinia","imgUrl":"/static/assets/images/maxlife.png"},				
{"title":"LIC","Desc":"Lorem ipsum dolor sit amet consectetur adipiscing elit Mauris sagittis pellentesque lacus eleifend lacinia","imgUrl":"/static/assets/images/lic.png"},
{"title":"BAJAJ","Desc":"Lorem ipsum dolor sit amet consectetur adipiscing elit Mauris sagittis pellentesque lacus eleifend lacinia","imgUrl":"/static/assets/images/bajaj.jpg"},
{"title":"MAX LIFE","Desc":"Lorem ipsum dolor sit amet consectetur adipiscing elit Mauris sagittis pellentesque lacus eleifend lacinia","imgUrl":"/static/assets/images/maxlife.png"},				
{"title":"LIC","Desc":"Lorem ipsum dolor sit amet consectetur adipiscing elit Mauris sagittis pellentesque lacus eleifend lacinia","imgUrl":"/static/assets/images/lic.png"},
{"title":"BAJAJ","Desc":"Lorem ipsum dolor sit amet consectetur adipiscing elit Mauris sagittis pellentesque lacus eleifend lacinia","imgUrl":"/static/assets/images/bajaj.jpg"},
{"title":"MAX LIFE","Desc":"Lorem ipsum dolor sit amet consectetur adipiscing elit Mauris sagittis pellentesque lacus eleifend lacinia","imgUrl":"/static/assets/images/maxlife.png"},				
{"title":"LIC","Desc":"Lorem ipsum dolor sit amet consectetur adipiscing elit Mauris sagittis pellentesque lacus eleifend lacinia","imgUrl":"/static/assets/images/lic.png"},
{"title":"BAJAJ","Desc":"Lorem ipsum dolor sit amet consectetur adipiscing elit Mauris sagittis pellentesque lacus eleifend lacinia","imgUrl":"/static/assets/images/bajaj.jpg"},
{"title":"MAX LIFE","Desc":"Lorem ipsum dolor sit amet consectetur adipiscing elit Mauris sagittis pellentesque lacus eleifend lacinia","imgUrl":"/static/assets/images/maxlife.png"},				
{"title":"LIC","Desc":"Lorem ipsum dolor sit amet consectetur adipiscing elit Mauris sagittis pellentesque lacus eleifend lacinia","imgUrl":"/static/assets/images/lic.png"},
{"title":"BAJAJ","Desc":"Lorem ipsum dolor sit amet consectetur adipiscing elit Mauris sagittis pellentesque lacus eleifend lacinia","imgUrl":"/static/assets/images/bajaj.jpg"},
{"title":"MAX LIFE","Desc":"Lorem ipsum dolor sit amet consectetur adipiscing elit Mauris sagittis pellentesque lacus eleifend lacinia","imgUrl":"/static/assets/images/maxlife.png"},				
{"title":"LIC","Desc":"Lorem ipsum dolor sit amet consectetur adipiscing elit Mauris sagittis pellentesque lacus eleifend lacinia","imgUrl":"/static/assets/images/lic.png"},
{"title":"BAJAJ","Desc":"Lorem ipsum dolor sit amet consectetur adipiscing elit Mauris sagittis pellentesque lacus eleifend lacinia","imgUrl":"/static/assets/images/bajaj.jpg"},
{"title":"MAX LIFE","Desc":"Lorem ipsum dolor sit amet consectetur adipiscing elit Mauris sagittis pellentesque lacus eleifend lacinia","imgUrl":"/static/assets/images/maxlife.png"},				
{"title":"LIC","Desc":"Lorem ipsum dolor sit amet consectetur adipiscing elit Mauris sagittis pellentesque lacus eleifend lacinia","imgUrl":"/static/assets/images/lic.png"},
{"title":"BAJAJ","Desc":"Lorem ipsum dolor sit amet consectetur adipiscing elit Mauris sagittis pellentesque lacus eleifend lacinia","imgUrl":"/static/assets/images/bajaj.jpg"},
{"title":"MAX LIFE","Desc":"Lorem ipsum dolor sit amet consectetur adipiscing elit Mauris sagittis pellentesque lacus eleifend lacinia","imgUrl":"/static/assets/images/maxlife.png"},				
{"title":"LIC","Desc":"Lorem ipsum dolor sit amet consectetur adipiscing elit Mauris sagittis pellentesque lacus eleifend lacinia","imgUrl":"/static/assets/images/lic.png"},
{"title":"BAJAJ","Desc":"Lorem ipsum dolor sit amet consectetur adipiscing elit Mauris sagittis pellentesque lacus eleifend lacinia","imgUrl":"/static/assets/images/bajaj.jpg"},
{"title":"MAX LIFE","Desc":"Lorem ipsum dolor sit amet consectetur adipiscing elit Mauris sagittis pellentesque lacus eleifend lacinia","imgUrl":"/static/assets/images/maxlife.png"}				
]}